-- phpMyAdmin SQL Dump
-- version 5.1.1
-- https://www.phpmyadmin.net/
--
-- Host: 127.0.0.1
-- Generation Time: Jun 25, 2021 at 02:50 PM
-- Server version: 10.4.14-MariaDB-log
-- PHP Version: 7.4.20

SET SQL_MODE = "NO_AUTO_VALUE_ON_ZERO";
START TRANSACTION;
SET time_zone = "+00:00";


/*!40101 SET @OLD_CHARACTER_SET_CLIENT=@@CHARACTER_SET_CLIENT */;
/*!40101 SET @OLD_CHARACTER_SET_RESULTS=@@CHARACTER_SET_RESULTS */;
/*!40101 SET @OLD_COLLATION_CONNECTION=@@COLLATION_CONNECTION */;
/*!40101 SET NAMES utf8mb4 */;

--
-- Database: `dbstbi-data`
--

-- --------------------------------------------------------

--
-- Table structure for table `tbberita`
--

CREATE TABLE `tbberita` (
  `Id` int(11) NOT NULL,
  `Judul` varchar(300) NOT NULL,
  `Berita` varchar(500) NOT NULL
) ENGINE=MyISAM DEFAULT CHARSET=latin1;

--
-- Dumping data for table `tbberita`
--

INSERT INTO `tbberita` (`Id`, `Judul`, `Berita`) VALUES
(1, 'Tensei Shitara Slime Datta Ken', 'Setelah dibunuh oleh perampok, seorang pria umur 37 tahun menemukan dirinya telah berinkarnasi ke dunia lain sebagai slime dengan skill yang unik, nama barunya adalah Rimuru Tempest.'),
(2, 'Choujin Koukousei-tachi wa Isekai demo Yoyuu de Ikinuku you desu!', '7 siswa sekolah menengah yang terjebak dalam kecelakaan pesawat bangun, di dunia abad pertengahan fantasi yang berbeda di mana sihir dan manusia binatang (juujin) ada.\r\n \r\nTapi mereka tidak panik dengan situasi mereka saat ini!?\r\n \r\nMereka membangun pembangkit nuklir di dunia tanpa listrik, mereka mengendalikan ekonomi kota besar dalam perjalanan kerja singkat, dan akhirnya demi dermawan mereka yang menderita salah pemerintahan, mereka menyatakan perang terhadap bangsawan jahat.\r\n \r\nJadi… tidak '),
(3, 'Roujoteki Shoujo Hinata-chan', 'Nenek-nenek yang meninggal terus reinkarnasi jadi bayi dengan ingatannya yang masih utuh. Komedi kocak keseharian Hinata-chan dengan tingkahnya yang seperti wanita tua.'),
(4, 'Hayaku Shitai Futari', 'Berawal dari satu rute yang selalu dilaluinya saat pulang pergi sekolah, Yuuri dan Keiichiro akhirnya saling jatuh cinta.\r\nNamun, Keiichiro ternyata berasal dari sebuah keluarga terpandang. Ayah dan Kakeknya merupakan mantan Perdana Menteri.\r\nAturan keluarganya yang ketat membuat Keiichiro tidak bisa melakukan hal cabul sebelum berusia 18 tahun.\r\nKeiichiro yang menjungjung tinggi tradisi dan aturan, sementara Yuuri yang hidup dalam kebebasan.\r\nSanggupkah Keiichiro menahan godaan Yuuri? Ataukah m'),
(5, 'Isekai Yakkyoku', 'Sebuah farmakolog muda dan peneliti di Jepang meninggal karena lembur, dan bereinkarnasi dalam Paralel Eropa abad pertengahan. Dia bereinkarnasi sebagai magang berusia 10 tahun untuk seorang apoteker Royal Court terkenal, telah mencapai sebuah keterampilan yang tidak manusiawi dari kemampuan untuk melihat melalui penyakit, penciptaan materi, dan kerusakan material. Dalam masyarakat di mana praktek medis meragukan merajalela, harga mencongkel melalui monopoli serikat apoteker, dan obat-obatan yan'),
(6, 'Mikakunin de Shinkoukei', 'Kobeni Yonomori adalah seorang gadis SMA yang tinggal bersama ibunya dan kakaknya yang bernama Benio. Setelah berumur 16 tahun, Kobeni terkejut mengetahui bahwa, karena aturan dari kakeknya, dia harus bertunangan dengan seorang anak bernama Hakuya Mitsumine, dia bersama dengan adiknya Mashiro, datang untuk tinggal bersama Kobeni. Dan Kobeni harus menyesuaikan diri dengan keluarga baru ini, ia belajar untuk memberikan perhatian kepada Hakuya dan Mashiro untuk menjadi istri yang baik.'),
(7, 'Kobayashi-san Chi no Maid Dragon', 'Kobayashi tinggal sendirian di sebuah apartemen, hingga suatu hari Tooru muncul dan mereka akhirnya tinggal bersama. Tooru memandang rendah manusia sebagai makhluk rendahan dan pecundang, namun setelah diselamatkan oleh Kobayashi-san, ia melakukan semua yang dia bisa untuk membayar hutang dan membantunya dengan berbagai hal, meskipun tidak semuanya berjalan lancar.\r\nManga komedi kehidupan sehari-hari nan mistis ini mengisahkan wanita kantoran pekerja keras yang tinggal bersama gadis maid dragon.'),
(8, 'Ashita, Kimi ni Aetara', 'Rinko adalah gadis smp berusia 14 tahun yang menyukai teman masa kecilnya An-chan dan memutuskan untuk kokohaku saat kelulusan An-chan namun tiba tiba saja saat terbangun di pagi hari Rinko berada di sekumpulan 3 gadis dan dia berada dengan tubuh 29 Tahun.'),
(9, 'Maou-jou de Oyasumi', 'Dahulu kala, sihir masih ada di dunia. di dunia yang dipenuhi dengan sihir itu, manusia hidup bersama dengan iblis. namun sebuah peristiwa mengerikan terjadi, dimana seorang tuan putri dari kerajaan manusia telah diculik oleh raja iblis dan dibawa ke wilayahnya. raja iblispun berpesan “jika ingin tuan putri tercinta kalian ini kembali, serahkan dunia kalian itu padaku!” seluruh rakyat dari negeri manusia pun jatuh dalam keputusasaan karena hal itu, karena mengira kalau tuan putri mereka tengah d'),
(10, 'Konna Boku demo Maid ni Naremasu ka?', 'Seorang bernama Ayaki Sakachiyo yang berusia 15 tahun kehilangan kedua orang tuanya dalam sebuah kecelakaan. Tak tahu harus bagaimana lagi menjalani hidup, ia dipertemukan dengan Rumi Narumi, seorang wanita yang merupakan teman baik ibunya. Wanita ini memberikannya pekerjaan di kediaman keluarga Fuuonji, tapi wajib mengenakan pakaian maid sebab majikan mudanya Rumi ini punya phobia berat terhadap laki-laki.'),
(11, 'Mushoku Tensei: Isekai Ittara Honki Dasu', 'Bercerita tentang seorang Pengangguran yang terlahir kembali menjadi bayi di dunia yang berbeda dengan kehidupan sebelumnya dimana di dunia itu ada sihir, dan si tokoh utama dengan membawa semua memori dari kehidupan sebelumnya. Tidak mau penyesalan masa lalu terulang dia bersumpah dikehihupan ke-duanya ini dia akan menjadi manusia yang berguna dan hidup bahagia. Kedua orantua sang bayi (Paul dan Zenith) menamakan bayi mereka yg baru lahir itu, Rudeus Greyrat.'),
(12, 'Ane Naru Mono', 'Kisah yang hangat menghanyutkan dari seorang yatim piatu bernama Yuu, yang telah diberikan sebuah kesempatan untuk mengabulkan keinginannya oleh sesosok iblis. Dan Yuu hanya meminta agar iblis itu jadi kakaknya seorang…'),
(13, 'Gun-Ota ga Mahou Sekai ni Tensei shitara', 'Hotta Youta terbunuh pada saat pulang kerja dimalam yang dingin. Saat terbangun ia sedang di gendong oleh perempuan bertelinga kelinci! Menampilkan Reinkarnasi, Senjata dan Harem, dengan Gun vs Sihir Cerita yang memberikan Hotta Youta kehidupan baru … dan keunggulan!'),
(14, 'Toaru Tenin to Kyaku no Hanashi', 'Saki, seorang mahasiswa yang bekerja di sebuah izakaya, menyukai Shiraishi, seorang pekerja kantoran yang merupakan pelanggan tetap.\r\nBerani untuk cinta pertama Anda hari ini! Saya memberinya surat cinta dan … Shiraishi juga tidak memiliki pengalaman dalam cinta !?\r\nKomedi cinta yang mengharukan ?'),
(15, 'Bokutachi no Remake', 'Hashiba Kyouya seorang pengembang game berusia 28 tahun. Dengan perusahaannya bangkrut, dan dia kehilangan pekerjaannya, dia kembali ke kampung halamannya. Sambil melihat keberhasilan Creator seusianya, dia terhenyut menyesali kehidupannya. Tetapi ketika dia membuka matanya, dia tersadar bahwa dia telah melakukan perjalanan 10 tahun kembali ke waktu sebelum dia masuk perguruan tinggi.\r\napa dia akhirnya akan memperbaiki hidupnya dan menjadi sukses? Ini adalah cerita tentang orang gagal yang diber'),
(16, 'Sakurai-san wa kidzuite hoshii', 'Makoto menghabiskan sore harinya di kelas, bermalas-malasan, belajar … Artinya, asalkan teman sekelasnya yang cantik dan memikat Sakurai tidak ada. Apakah dia mendatanginya? Apakah dia mengatakan apa yang dia pikir dia katakan? Apakah dia diperbolehkan membaca yang tersirat? Mari kita lihat apakah Makoto mendapatkan gambaran besar yang dia lukis untuknya!'),
(17, 'Kenja ga Nakama ni Natta!', 'Mangaka dari komik berjudul Tejina-senpai.\r\n\r\nSeorang cowok SMA yang selalu bolos, sangat membenci kehidupan nyata. Dia menganggap semua hubungan di dunia nyata itu sampah dan lebih memilih internet sebagai temannya. tapi suatu hari tiba-tiba ada seorang gadis yang masuk ke kamarnya dengan santai. lalu apa yang sebenarnya terjadi dan apa yang mereka akan lakukan!?'),
(18, 'Toukyou Revengers', 'Menonton berita, Takemichi Hanagaki mengetahui bahwa pacarnya dari sekolah menengah, Hinata Tachibana, telah meninggal. Satu-satunya pacar yang pernah dimilikinya baru saja dibunuh oleh kelompok jahat yang dikenal sebagai Tokyo Manji Gang. Dia tinggal di apartemen jelek dengan dinding tipis, dan bosnya yang berusia enam tahun lebih muda memperlakukannya seperti orang idiot. Ditambah lagi, dia seorang perjaka akut … Di puncak kehidupannya yang paling bawah, dia tiba-tiba melompati waktu dua belas'),
(19, 'Shiotaiou no Sato-san ga Ore ni dake Amai', 'Satou Koharu adalah gadis cantik yang bisa dikenali semua orang. Tapi sikapnya dengan siapa pun begitu pahit sehingga dia dijuluki “Dewa Garam Sato-san.” Siapa pun yang mencoba mendekatinya terluka secara emosional dengan cara yang brutal. Meski untuk beberapa alasan, aku bisa menyelamatkan Sato-san dari beberapa pick-up boy tempat saya bekerja. Yang membuatnya menyukaiku, dan dengan demikian aku menjadi teman “Salt-god Sato-san.” Di depan semua orang, dia adalah dewa garam, tapi di depanku, dia'),
(20, 'Sore wa Rei no shiwaza desu', 'Namaku Torii Nozomu, seorang yang polos, tidak menarik, introvert. Kemudian seorang murid pindahan baru, Kirishima Kyoko, datang untuk duduk di sebelahku. Dia lucu, baik hati, dan untuk beberapa alasan, dia secara proaktif berbicara padaku, meskipun saya seorang kutu buku! Orang suci sejati.\r\n… Tapi aku ingin terlibat dengannya sesedikit mungkin. Itu karena dia dihantui oleh “hantu” yang hanya bisa kulihat! –Dia sedikit nakal, sangat murni dan, dalam beberapa kasus, mengerikan!\r\nSebuah komedi ro'),
(21, 'Swap Swap', 'Dua perempuan, Ichinose Haruko dan Nikaido Natsuko, menabrak satu sama lain secara tidak sengaja, membuat mereka berciuman dan bertukar tubuh. Satu-satunya cara untuk kembali adalah ciuman lagi…'),
(22, 'Tensei Oujo to Tensai Reijou no Mahou Kakumei', 'Anne-Sophia, Putri yang mengenang kehidupan sebelumnya di usia muda, serta kecintaannya yang intens pada sihir, memulai hidup barunya untuk mewujudkan fantasinya di dunia fantasi ini. Suatu hari, disebuah kejadian yang tidak terduga, dia mengingat adegan di mana kakaknya Algard memutuskan pertunangannya dengan tunangannya, Euphilia. Apa yang tidak dapat diramalkan oleh siapa pun adalah bahwa Pertemuan aneh ini pada akhirnya akan mengubah jalannya sejarah.'),
(24, 'Kobayashi-san Chi no Maid Dragon', 'Kobayashi tinggal sendirian di sebuah apartemen, hingga suatu hari Tooru muncul dan mereka akhirnya tinggal bersama. Tooru memandang rendah manusia sebagai makhluk rendahan dan pecundang, namun setelah diselamatkan oleh Kobayashi-san, ia melakukan semua yang dia bisa untuk membayar hutang dan membantunya dengan berbagai hal, meskipun tidak semuanya berjalan lancar.\r\nManga komedi kehidupan sehari-hari nan mistis ini mengisahkan wanita kantoran pekerja keras yang tinggal bersama gadis maid doragon');

-- --------------------------------------------------------

--
-- Table structure for table `tbcache`
--

CREATE TABLE `tbcache` (
  `Id` int(11) NOT NULL,
  `Query` varchar(100) NOT NULL,
  `DocId` int(11) NOT NULL,
  `Value` float NOT NULL
) ENGINE=MyISAM DEFAULT CHARSET=latin1;

-- --------------------------------------------------------

--
-- Table structure for table `tbindex`
--

CREATE TABLE `tbindex` (
  `Id` int(11) NOT NULL,
  `Term` varchar(30) NOT NULL,
  `DocId` int(11) NOT NULL,
  `Count` int(11) NOT NULL,
  `Bobot` float NOT NULL
) ENGINE=MyISAM DEFAULT CHARSET=latin1;

--
-- Dumping data for table `tbindex`
--

INSERT INTO `tbindex` (`Id`, `Term`, `DocId`, `Count`, `Bobot`) VALUES
(1, 'setelah', 1, 1, 1.7492),
(2, 'dibunuh', 1, 1, 2.44235),
(3, 'oleh', 1, 1, 0.93827),
(4, 'perampok', 1, 1, 3.13549),
(5, 'seorang', 1, 1, 0.650588),
(6, 'pria', 1, 1, 3.13549),
(7, 'umur', 1, 1, 3.13549),
(8, '37', 1, 1, 3.13549),
(9, 'tahun', 1, 1, 1.05605),
(10, 'menemukan', 1, 1, 3.13549),
(11, 'dirinya', 1, 1, 3.13549),
(12, 'telah', 1, 1, 1.34373),
(13, 'berinkarnasi', 1, 1, 3.13549),
(14, 'dunia', 1, 1, 1.34373),
(15, 'lain', 1, 1, 2.44235),
(16, 'sebagai', 1, 1, 1.34373),
(17, 'slime', 1, 1, 3.13549),
(18, 'skill', 1, 1, 3.13549),
(19, 'unik', 1, 1, 3.13549),
(20, 'nama', 1, 1, 3.13549),
(21, 'barunya', 1, 1, 2.44235),
(22, 'rimuru', 1, 1, 3.13549),
(23, 'tempest', 1, 1, 3.13549),
(24, '7', 2, 1, 3.13549),
(25, 'siswa', 2, 1, 3.13549),
(26, 'sekolah', 2, 1, 2.03688),
(27, 'menengah', 2, 1, 2.44235),
(28, 'terjebak', 2, 1, 3.13549),
(29, 'dalam', 2, 2, 2.37917),
(30, 'celakaan', 2, 1, 2.44235),
(31, 'pesawat', 2, 1, 3.13549),
(32, 'bangun', 2, 1, 3.13549),
(33, 'di', 2, 3, 1.08872),
(34, 'dunia', 2, 2, 2.68747),
(35, 'abad', 2, 1, 2.44235),
(36, 'pertengahan', 2, 1, 2.44235),
(37, 'fantasi', 2, 1, 2.44235),
(38, 'berbeda', 2, 1, 2.44235),
(39, 'mana', 2, 1, 2.03688),
(40, 'sihir', 2, 1, 1.52606),
(41, 'manusia', 2, 1, 1.52606),
(42, 'binatang', 2, 1, 3.13549),
(43, 'juujin', 2, 1, 3.13549),
(44, 'ada', 2, 1, 1.52606),
(45, '\r\n', 2, 3, 9.40648),
(46, '\r\ntapi', 2, 1, 3.13549),
(47, 'mereka', 2, 5, 5.94792),
(48, 'tidak', 2, 2, 1.4752),
(49, 'panik', 2, 1, 3.13549),
(50, 'sasi', 2, 1, 3.13549),
(51, 'saat', 2, 1, 1.7492),
(52, '\r\nmereka', 2, 1, 3.13549),
(53, 'membangun', 2, 1, 3.13549),
(54, 'pembangkit', 2, 1, 3.13549),
(55, 'nuklir', 2, 1, 3.13549),
(56, 'tanpa', 2, 1, 3.13549),
(57, 'listrik', 2, 1, 3.13549),
(58, 'mengendalikan', 2, 1, 3.13549),
(59, 'ekonomi', 2, 1, 3.13549),
(60, 'kota', 2, 1, 3.13549),
(61, 'besar', 2, 1, 2.44235),
(62, 'perjalanan', 2, 1, 2.44235),
(63, 'rja', 2, 1, 2.44235),
(64, 'singkat', 2, 1, 3.13549),
(65, 'akhirnya', 2, 1, 1.34373),
(66, 'demi', 2, 1, 3.13549),
(67, 'dermawan', 2, 1, 3.13549),
(68, 'menderita', 2, 1, 3.13549),
(69, 'salah', 2, 1, 3.13549),
(70, 'pemerintahan', 2, 1, 3.13549),
(71, 'menyatakan', 2, 1, 3.13549),
(72, 'perang', 2, 1, 3.13549),
(73, 'terhadap', 2, 1, 2.44235),
(74, 'bangsawan', 2, 1, 3.13549),
(75, 'jahat', 2, 1, 2.44235),
(76, '\r\njadi…', 2, 1, 3.13549),
(77, 'nenek', 3, 2, 6.27099),
(78, 'meninggal', 3, 1, 2.03688),
(79, 'terus', 3, 1, 3.13549),
(80, 'reinkarnasi', 3, 1, 2.44235),
(81, 'jadi', 3, 1, 2.44235),
(82, 'bayi', 3, 1, 2.44235),
(83, 'ingatannya', 3, 1, 3.13549),
(84, 'masih', 3, 1, 2.44235),
(85, 'utuh', 3, 1, 3.13549),
(86, 'komedi', 3, 1, 1.7492),
(87, 'kocak', 3, 1, 3.13549),
(88, 'seharian', 3, 1, 3.13549),
(89, 'hinata', 3, 1, 2.44235),
(90, 'chan', 3, 1, 2.44235),
(91, 'tingkahnya', 3, 1, 3.13549),
(92, 'seperti', 3, 1, 2.44235),
(93, 'wanita', 3, 1, 1.7492),
(94, 'tua', 3, 1, 3.13549),
(95, 'berawal', 4, 1, 3.13549),
(96, 'satu', 4, 1, 2.03688),
(97, 'rute', 4, 1, 3.13549),
(98, 'selalu', 4, 1, 2.44235),
(99, 'dilaluinya', 4, 1, 3.13549),
(100, 'saat', 4, 1, 1.7492),
(101, 'pulang', 4, 1, 2.44235),
(102, 'pergi', 4, 1, 3.13549),
(103, 'sekolah', 4, 1, 2.03688),
(104, 'yuuri', 4, 3, 9.40648),
(105, 'iichiro', 4, 4, 12.542),
(106, 'akhirnya', 4, 1, 1.34373),
(107, 'saling', 4, 1, 3.13549),
(108, 'jatuh', 4, 1, 2.44235),
(109, 'cinta', 4, 1, 2.44235),
(110, '\r\nnamun', 4, 1, 3.13549),
(111, 'ternyata', 4, 1, 3.13549),
(112, 'berasal', 4, 1, 3.13549),
(113, 'sebuah', 4, 1, 1.05605),
(114, 'luarga', 4, 1, 2.03688),
(115, 'terpang', 4, 1, 3.13549),
(116, 'ayah', 4, 1, 3.13549),
(117, 'kaknya', 4, 1, 2.44235),
(118, 'merupakan', 4, 1, 2.03688),
(119, 'mantan', 4, 1, 3.13549),
(120, 'pera', 4, 1, 3.13549),
(121, 'menteri', 4, 1, 3.13549),
(122, '\r\naturan', 4, 1, 3.13549),
(123, 'luarganya', 4, 1, 3.13549),
(124, 'tat', 4, 1, 3.13549),
(125, 'membuat', 4, 1, 2.44235),
(126, 'tidak', 4, 1, 0.737599),
(127, 'bisa', 4, 1, 1.52606),
(128, 'melakukan', 4, 1, 1.7492),
(129, 'hal', 4, 1, 1.7492),
(130, 'cabul', 4, 1, 3.13549),
(131, 'sebelum', 4, 1, 2.44235),
(132, 'berusia', 4, 1, 1.34373),
(133, '18', 4, 1, 3.13549),
(134, 'tahun', 4, 1, 1.05605),
(135, '\r\niichiro', 4, 1, 3.13549),
(136, 'menjungjung', 4, 1, 3.13549),
(137, 'tinggi', 4, 1, 2.44235),
(138, 'tradisi', 4, 1, 3.13549),
(139, 'aturan', 4, 1, 2.44235),
(140, 'sementara', 4, 1, 3.13549),
(141, 'hidup', 4, 1, 1.52606),
(142, 'dalam', 4, 1, 1.18958),
(143, 'bebasan', 4, 1, 3.13549),
(144, '\r\nsanggupkah', 4, 1, 3.13549),
(145, 'menahan', 4, 1, 3.13549),
(146, 'godaan', 4, 1, 3.13549),
(147, 'kah', 4, 1, 3.13549),
(148, 'm', 4, 1, 3.13549),
(149, 'sebuah', 5, 2, 2.11211),
(150, 'farmakolog', 5, 1, 3.13549),
(151, 'muda', 5, 1, 2.03688),
(152, 'peneliti', 5, 1, 3.13549),
(153, 'di', 5, 2, 0.725811),
(154, 'jepang', 5, 1, 3.13549),
(155, 'meninggal', 5, 1, 2.03688),
(156, 'karena', 5, 1, 1.7492),
(157, 'lembur', 5, 1, 3.13549),
(158, 'bereinkarnasi', 5, 2, 6.27099),
(159, 'dalam', 5, 2, 2.37917),
(160, 'paralel', 5, 1, 3.13549),
(161, 'eropa', 5, 1, 3.13549),
(162, 'abad', 5, 1, 2.44235),
(163, 'pertengahan', 5, 1, 2.44235),
(164, 'sebagai', 5, 1, 1.34373),
(165, 'magang', 5, 1, 3.13549),
(166, 'berusia', 5, 1, 1.34373),
(167, '10', 5, 1, 2.44235),
(168, 'tahun', 5, 1, 1.05605),
(169, 'untuk', 5, 2, 1.4752),
(170, 'seorang', 5, 1, 0.650588),
(171, 'apoter', 5, 2, 6.27099),
(172, 'royal', 5, 1, 3.13549),
(173, 'court', 5, 1, 3.13549),
(174, 'ternal', 5, 1, 3.13549),
(175, 'telah', 5, 1, 1.34373),
(176, 'mencapai', 5, 1, 3.13549),
(177, 'terampilan', 5, 1, 3.13549),
(178, 'tidak', 5, 1, 0.737599),
(179, 'manusiawi', 5, 1, 3.13549),
(180, 'mampuan', 5, 1, 3.13549),
(181, 'melihat', 5, 1, 2.44235),
(182, 'melalui', 5, 2, 6.27099),
(183, 'penyakit', 5, 1, 3.13549),
(184, 'penciptaan', 5, 1, 3.13549),
(185, 'materi', 5, 1, 3.13549),
(186, 'rusakan', 5, 1, 3.13549),
(187, 'material', 5, 1, 3.13549),
(188, 'masyarakat', 5, 1, 3.13549),
(189, 'mana', 5, 1, 2.03688),
(190, 'praktek', 5, 1, 3.13549),
(191, 'medis', 5, 1, 3.13549),
(192, 'meragukan', 5, 1, 3.13549),
(193, 'merajalela', 5, 1, 3.13549),
(194, 'harga', 5, 1, 3.13549),
(195, 'mencongl', 5, 1, 3.13549),
(196, 'monopoli', 5, 1, 3.13549),
(197, 'serikat', 5, 1, 3.13549),
(198, 'obat', 5, 1, 3.13549),
(199, 'obatan', 5, 1, 3.13549),
(200, 'yan', 5, 1, 3.13549),
(201, 'kobeni', 6, 4, 12.542),
(202, 'yonomori', 6, 1, 3.13549),
(203, 'seorang', 6, 2, 1.30118),
(204, 'gadis', 6, 1, 1.34373),
(205, 'sma', 6, 1, 2.44235),
(206, 'tinggal', 6, 2, 3.4984),
(207, 'bersama', 6, 3, 5.2476),
(208, 'ibunya', 6, 1, 2.44235),
(209, 'kakaknya', 6, 1, 2.03688),
(210, 'bernama', 6, 2, 4.07376),
(211, 'benio', 6, 1, 3.13549),
(212, 'setelah', 6, 1, 1.7492),
(213, 'berumur', 6, 1, 3.13549),
(214, '16', 6, 1, 3.13549),
(215, 'tahun', 6, 1, 1.05605),
(216, 'terjut', 6, 1, 3.13549),
(217, 'mengetahui', 6, 1, 2.44235),
(218, 'bahwa', 6, 1, 1.7492),
(219, 'karena', 6, 1, 1.7492),
(220, 'aturan', 6, 1, 2.44235),
(221, 'kaknya', 6, 1, 2.44235),
(222, 'harus', 6, 2, 4.88469),
(223, 'bertunangan', 6, 1, 3.13549),
(224, 'anak', 6, 1, 3.13549),
(225, 'hakuya', 6, 2, 6.27099),
(226, 'mitsumine', 6, 1, 3.13549),
(227, 'adiknya', 6, 1, 3.13549),
(228, 'mashiro', 6, 2, 6.27099),
(229, 'datang', 6, 1, 2.44235),
(230, 'untuk', 6, 3, 2.2128),
(231, 'menyesuaikan', 6, 1, 3.13549),
(232, 'diri', 6, 1, 3.13549),
(233, 'luarga', 6, 1, 2.03688),
(234, 'baru', 6, 1, 1.52606),
(235, 'ia', 6, 1, 1.52606),
(236, 'belajar', 6, 1, 2.44235),
(237, 'memberikan', 6, 1, 2.44235),
(238, 'perhatian', 6, 1, 3.13549),
(239, 'menjadi', 6, 1, 1.7492),
(240, 'istri', 6, 1, 3.13549),
(241, 'baik', 6, 1, 2.03688),
(242, 'kobayashi', 7, 2, 4.88469),
(243, 'tinggal', 7, 3, 5.2476),
(244, 'sendirian', 7, 1, 2.44235),
(245, 'di', 7, 1, 0.362906),
(246, 'sebuah', 7, 1, 1.05605),
(247, 'apartemen', 7, 1, 2.03688),
(248, 'hingga', 7, 1, 2.44235),
(249, 'suatu', 7, 1, 1.7492),
(250, 'hari', 7, 2, 2.68747),
(251, 'tooru', 7, 2, 4.88469),
(252, 'muncul', 7, 1, 2.44235),
(253, 'mereka', 7, 1, 1.18958),
(254, 'akhirnya', 7, 1, 1.34373),
(255, 'bersama', 7, 2, 3.4984),
(256, 'memang', 7, 1, 2.44235),
(257, 'rendah', 7, 1, 2.44235),
(258, 'manusia', 7, 1, 1.52606),
(259, 'sebagai', 7, 1, 1.34373),
(260, 'makhluk', 7, 1, 2.44235),
(261, 'rendahan', 7, 1, 2.44235),
(262, 'pecung', 7, 1, 2.44235),
(263, 'namun', 7, 1, 1.7492),
(264, 'setelah', 7, 1, 1.7492),
(265, 'diselamatkan', 7, 1, 2.44235),
(266, 'oleh', 7, 1, 0.93827),
(267, 'san', 7, 1, 2.03688),
(268, 'ia', 7, 1, 1.52606),
(269, 'melakukan', 7, 1, 1.7492),
(270, 'semua', 7, 1, 1.52606),
(271, 'bisa', 7, 1, 1.52606),
(272, 'untuk', 7, 1, 0.737599),
(273, 'membayar', 7, 1, 2.44235),
(274, 'hutang', 7, 1, 2.44235),
(275, 'membantunya', 7, 1, 2.44235),
(276, 'berbagai', 7, 1, 2.44235),
(277, 'hal', 7, 1, 1.7492),
(278, 'meskipun', 7, 1, 2.03688),
(279, 'tidak', 7, 1, 0.737599),
(280, 'semuanya', 7, 1, 2.44235),
(281, 'berjalan', 7, 1, 2.44235),
(282, 'lancar', 7, 1, 2.44235),
(283, '\r\nmanga', 7, 1, 2.44235),
(284, 'komedi', 7, 1, 1.7492),
(285, 'hidupan', 7, 1, 1.34373),
(286, 'sehari', 7, 1, 2.44235),
(287, 'nan', 7, 1, 2.44235),
(288, 'mistis', 7, 1, 2.44235),
(289, 'mengisahkan', 7, 1, 2.44235),
(290, 'wanita', 7, 1, 1.7492),
(291, 'kantoran', 7, 1, 2.03688),
(292, 'perja', 7, 1, 2.03688),
(293, 'ras', 7, 1, 2.44235),
(294, 'gadis', 7, 1, 1.34373),
(295, 'maid', 7, 1, 2.03688),
(296, 'dragon', 7, 1, 3.13549),
(297, 'rinko', 8, 2, 6.27099),
(298, 'gadis', 8, 2, 2.68747),
(299, 'smp', 8, 1, 3.13549),
(300, 'berusia', 8, 1, 1.34373),
(301, '14', 8, 1, 3.13549),
(302, 'tahun', 8, 2, 2.11211),
(303, 'menyukai', 8, 1, 2.44235),
(304, 'teman', 8, 1, 1.7492),
(305, 'masa', 8, 1, 2.44235),
(306, 'cilnya', 8, 1, 3.13549),
(307, 'an', 8, 2, 6.27099),
(308, 'chan', 8, 2, 4.88469),
(309, 'memutuskan', 8, 1, 2.44235),
(310, 'untuk', 8, 1, 0.737599),
(311, 'kokohaku', 8, 1, 3.13549),
(312, 'saat', 8, 2, 3.4984),
(313, 'lulusan', 8, 1, 3.13549),
(314, 'namun', 8, 1, 1.7492),
(315, 'tiba', 8, 2, 4.07376),
(316, 'saja', 8, 1, 2.44235),
(317, 'terbangun', 8, 1, 2.44235),
(318, 'di', 8, 2, 0.725811),
(319, 'pagi', 8, 1, 3.13549),
(320, 'hari', 8, 1, 1.34373),
(321, 'berada', 8, 2, 6.27099),
(322, 'sekumpulan', 8, 1, 3.13549),
(323, '3', 8, 1, 3.13549),
(324, 'tubuh', 8, 1, 2.44235),
(325, '29', 8, 1, 3.13549),
(326, 'dahulu', 9, 1, 3.13549),
(327, 'kala', 9, 1, 3.13549),
(328, 'sihir', 9, 2, 3.05211),
(329, 'masih', 9, 1, 2.44235),
(330, 'ada', 9, 1, 1.52606),
(331, 'di', 9, 2, 0.725811),
(332, 'dunia', 9, 3, 4.0312),
(333, 'dipenuhi', 9, 1, 3.13549),
(334, 'manusia', 9, 3, 4.57817),
(335, 'hidup', 9, 1, 1.52606),
(336, 'bersama', 9, 1, 1.7492),
(337, 'iblis', 9, 2, 4.88469),
(338, 'namun', 9, 1, 1.7492),
(339, 'sebuah', 9, 1, 1.05605),
(340, 'peristiwa', 9, 1, 3.13549),
(341, 'mengerikan', 9, 1, 2.44235),
(342, 'terjadi', 9, 1, 2.44235),
(343, 'dimana', 9, 1, 2.44235),
(344, 'seorang', 9, 1, 0.650588),
(345, 'tuan', 9, 3, 9.40648),
(346, 'putri', 9, 3, 7.32704),
(347, 'rajaan', 9, 1, 3.13549),
(348, 'telah', 9, 1, 1.34373),
(349, 'diculik', 9, 1, 3.13549),
(350, 'oleh', 9, 1, 0.93827),
(351, 'raja', 9, 2, 6.27099),
(352, 'dibawa', 9, 1, 3.13549),
(353, 'wilayahnya', 9, 1, 3.13549),
(354, 'iblispun', 9, 1, 3.13549),
(355, 'berpesan', 9, 1, 3.13549),
(356, '“jika', 9, 1, 3.13549),
(357, 'ingin', 9, 1, 2.44235),
(358, 'tercinta', 9, 1, 3.13549),
(359, 'kalian', 9, 2, 6.27099),
(360, 'mbali', 9, 1, 1.7492),
(361, 'serahkan', 9, 1, 3.13549),
(362, 'ku', 9, 1, 2.44235),
(363, '”', 9, 1, 2.44235),
(364, 'seluruh', 9, 1, 3.13549),
(365, 'rakyat', 9, 1, 3.13549),
(366, 'negeri', 9, 1, 3.13549),
(367, 'pun', 9, 1, 2.03688),
(368, 'jatuh', 9, 1, 2.44235),
(369, 'dalam', 9, 1, 1.18958),
(370, 'putusasaan', 9, 1, 3.13549),
(371, 'karena', 9, 2, 3.4984),
(372, 'hal', 9, 1, 1.7492),
(373, 'mengira', 9, 1, 3.13549),
(374, 'kalau', 9, 1, 3.13549),
(375, 'mereka', 9, 1, 1.18958),
(376, 'tengah', 9, 1, 3.13549),
(377, 'd', 9, 1, 3.13549),
(378, 'seorang', 10, 2, 1.30118),
(379, 'bernama', 10, 1, 2.03688),
(380, 'ayaki', 10, 1, 3.13549),
(381, 'sakachiyo', 10, 1, 3.13549),
(382, 'berusia', 10, 1, 1.34373),
(383, '15', 10, 1, 3.13549),
(384, 'tahun', 10, 1, 1.05605),
(385, 'hilangan', 10, 1, 2.44235),
(386, 'dua', 10, 1, 1.7492),
(387, 'orang', 10, 1, 1.52606),
(388, 'tuanya', 10, 1, 3.13549),
(389, 'dalam', 10, 1, 1.18958),
(390, 'sebuah', 10, 1, 1.05605),
(391, 'celakaan', 10, 1, 2.44235),
(392, 'tak', 10, 1, 3.13549),
(393, 'tahu', 10, 1, 3.13549),
(394, 'harus', 10, 1, 2.44235),
(395, 'bagaimana', 10, 1, 3.13549),
(396, 'lagi', 10, 1, 2.44235),
(397, 'menjalani', 10, 1, 3.13549),
(398, 'hidup', 10, 1, 1.52606),
(399, 'ia', 10, 1, 1.52606),
(400, 'dipertemukan', 10, 1, 3.13549),
(401, 'rumi', 10, 2, 6.27099),
(402, 'narumi', 10, 1, 3.13549),
(403, 'wanita', 10, 2, 3.4984),
(404, 'merupakan', 10, 1, 2.03688),
(405, 'teman', 10, 1, 1.7492),
(406, 'baik', 10, 1, 2.03688),
(407, 'ibunya', 10, 1, 2.44235),
(408, 'memberikannya', 10, 1, 3.13549),
(409, 'perjaan', 10, 1, 3.13549),
(410, 'di', 10, 1, 0.362906),
(411, 'man', 10, 1, 3.13549),
(412, 'luarga', 10, 1, 2.03688),
(413, 'fuuonji', 10, 1, 3.13549),
(414, 'tapi', 10, 1, 1.7492),
(415, 'wajib', 10, 1, 3.13549),
(416, 'mengenakan', 10, 1, 3.13549),
(417, 'pakaian', 10, 1, 3.13549),
(418, 'maid', 10, 1, 2.03688),
(419, 'sebab', 10, 1, 3.13549),
(420, 'majikan', 10, 1, 3.13549),
(421, 'muya', 10, 1, 3.13549),
(422, 'punya', 10, 1, 3.13549),
(423, 'phobia', 10, 1, 3.13549),
(424, 'berat', 10, 1, 3.13549),
(425, 'terhadap', 10, 1, 2.44235),
(426, 'laki', 10, 2, 6.27099),
(427, 'bercerita', 11, 1, 3.13549),
(428, 'tentang', 11, 1, 2.44235),
(429, 'seorang', 11, 1, 0.650588),
(430, 'pengangguran', 11, 1, 3.13549),
(431, 'terlahir', 11, 1, 3.13549),
(432, 'mbali', 11, 1, 1.7492),
(433, 'menjadi', 11, 2, 3.4984),
(434, 'bayi', 11, 3, 7.32704),
(435, 'di', 11, 2, 0.725811),
(436, 'dunia', 11, 2, 2.68747),
(437, 'berbeda', 11, 1, 2.44235),
(438, 'hidupan', 11, 2, 2.68747),
(439, 'sebelumnya', 11, 2, 4.88469),
(440, 'dimana', 11, 1, 2.44235),
(441, 'ada', 11, 1, 1.52606),
(442, 'sihir', 11, 1, 1.52606),
(443, 'si', 11, 1, 3.13549),
(444, 'tokoh', 11, 1, 3.13549),
(445, 'utama', 11, 1, 3.13549),
(446, 'membawa', 11, 1, 3.13549),
(447, 'semua', 11, 1, 1.52606),
(448, 'memori', 11, 1, 3.13549),
(449, 'tidak', 11, 1, 0.737599),
(450, 'mau', 11, 1, 3.13549),
(451, 'penyesalan', 11, 1, 3.13549),
(452, 'masa', 11, 1, 2.44235),
(453, 'lalu', 11, 1, 2.44235),
(454, 'terulang', 11, 1, 3.13549),
(455, 'bersumpah', 11, 1, 3.13549),
(456, 'dihihupan', 11, 1, 3.13549),
(457, 'duanya', 11, 1, 3.13549),
(458, 'akan', 11, 1, 1.7492),
(459, 'manusia', 11, 1, 1.52606),
(460, 'berguna', 11, 1, 3.13549),
(461, 'hidup', 11, 1, 1.52606),
(462, 'bahagia', 11, 1, 3.13549),
(463, 'dua', 11, 1, 1.7492),
(464, 'orantua', 11, 1, 3.13549),
(465, 'sang', 11, 1, 3.13549),
(466, 'paul', 11, 1, 3.13549),
(467, 'zenith', 11, 1, 3.13549),
(468, 'menamakan', 11, 1, 3.13549),
(469, 'mereka', 11, 1, 1.18958),
(470, 'yg', 11, 1, 3.13549),
(471, 'baru', 11, 1, 1.52606),
(472, 'lahir', 11, 1, 3.13549),
(473, 'rudeus', 11, 1, 3.13549),
(474, 'greyrat', 11, 1, 3.13549),
(475, 'kisah', 12, 1, 3.13549),
(476, 'hangat', 12, 1, 3.13549),
(477, 'menghanyutkan', 12, 1, 3.13549),
(478, 'seorang', 12, 1, 0.650588),
(479, 'yatim', 12, 1, 3.13549),
(480, 'piatu', 12, 1, 3.13549),
(481, 'bernama', 12, 1, 2.03688),
(482, 'yuu', 12, 2, 6.27099),
(483, 'telah', 12, 1, 1.34373),
(484, 'diberikan', 12, 1, 3.13549),
(485, 'sebuah', 12, 1, 1.05605),
(486, 'sempatan', 12, 1, 3.13549),
(487, 'untuk', 12, 1, 0.737599),
(488, 'mengabulkan', 12, 1, 3.13549),
(489, 'inginannya', 12, 1, 3.13549),
(490, 'oleh', 12, 1, 0.93827),
(491, 'sesosok', 12, 1, 3.13549),
(492, 'iblis', 12, 2, 4.88469),
(493, 'hanya', 12, 1, 2.44235),
(494, 'meminta', 12, 1, 3.13549),
(495, 'agar', 12, 1, 3.13549),
(496, 'jadi', 12, 1, 2.44235),
(497, 'kakaknya', 12, 1, 2.03688),
(498, 'seorang…', 12, 1, 3.13549),
(499, 'hotta', 13, 2, 6.27099),
(500, 'youta', 13, 2, 6.27099),
(501, 'terbunuh', 13, 1, 3.13549),
(502, 'saat', 13, 2, 3.4984),
(503, 'pulang', 13, 1, 2.44235),
(504, 'rja', 13, 1, 2.44235),
(505, 'dimalam', 13, 1, 3.13549),
(506, 'dingin', 13, 1, 3.13549),
(507, 'terbangun', 13, 1, 2.44235),
(508, 'ia', 13, 1, 1.52606),
(509, 'seg', 13, 1, 3.13549),
(510, 'di', 13, 1, 0.362906),
(511, 'gendong', 13, 1, 3.13549),
(512, 'oleh', 13, 1, 0.93827),
(513, 'perempuan', 13, 1, 2.44235),
(514, 'bertelinga', 13, 1, 3.13549),
(515, 'linci', 13, 1, 3.13549),
(516, 'menampilkan', 13, 1, 3.13549),
(517, 'reinkarnasi', 13, 1, 2.44235),
(518, 'senjata', 13, 1, 3.13549),
(519, 'harem', 13, 1, 3.13549),
(520, 'gun', 13, 1, 3.13549),
(521, 'vs', 13, 1, 3.13549),
(522, 'sihir', 13, 1, 1.52606),
(523, 'cerita', 13, 1, 2.44235),
(524, 'memberikan', 13, 1, 2.44235),
(525, 'hidupan', 13, 1, 1.34373),
(526, 'baru', 13, 1, 1.52606),
(527, '…', 13, 1, 1.7492),
(528, 'unggulan', 13, 1, 3.13549),
(529, 'saki', 14, 1, 3.13549),
(530, 'seorang', 14, 2, 1.30118),
(531, 'mahasiswa', 14, 1, 3.13549),
(532, 'berja', 14, 1, 2.44235),
(533, 'di', 14, 1, 0.362906),
(534, 'sebuah', 14, 1, 1.05605),
(535, 'izakaya', 14, 1, 3.13549),
(536, 'menyukai', 14, 1, 2.44235),
(537, 'shiraishi', 14, 2, 6.27099),
(538, 'perja', 14, 1, 2.03688),
(539, 'kantoran', 14, 1, 2.03688),
(540, 'merupakan', 14, 1, 2.03688),
(541, 'pelanggan', 14, 1, 3.13549),
(542, 'tetap', 14, 1, 3.13549),
(543, '\r\nberani', 14, 1, 3.13549),
(544, 'untuk', 14, 1, 0.737599),
(545, 'cinta', 14, 4, 9.76939),
(546, 'pertama', 14, 1, 3.13549),
(547, 'anda', 14, 1, 3.13549),
(548, 'hari', 14, 1, 1.34373),
(549, 'saya', 14, 1, 2.03688),
(550, 'memberinya', 14, 1, 3.13549),
(551, 'surat', 14, 1, 3.13549),
(552, '…', 14, 1, 1.7492),
(553, 'tidak', 14, 1, 0.737599),
(554, 'memiliki', 14, 1, 3.13549),
(555, 'pengalaman', 14, 1, 3.13549),
(556, 'dalam', 14, 1, 1.18958),
(557, '\r\nkomedi', 14, 1, 3.13549),
(558, 'mengharukan', 14, 1, 3.13549),
(559, 'hashiba', 15, 1, 3.13549),
(560, 'kyouya', 15, 1, 3.13549),
(561, 'seorang', 15, 1, 0.650588),
(562, 'pengembang', 15, 1, 3.13549),
(563, 'game', 15, 1, 3.13549),
(564, 'berusia', 15, 1, 1.34373),
(565, '28', 15, 1, 3.13549),
(566, 'tahun', 15, 2, 2.11211),
(567, 'perusahaannya', 15, 1, 3.13549),
(568, 'bangkrut', 15, 1, 3.13549),
(569, 'hilangan', 15, 1, 2.44235),
(570, 'perjaannya', 15, 1, 3.13549),
(571, 'mbali', 15, 2, 3.4984),
(572, 'kampung', 15, 1, 3.13549),
(573, 'halamannya', 15, 1, 3.13549),
(574, 'sambil', 15, 1, 3.13549),
(575, 'melihat', 15, 1, 2.44235),
(576, 'berhasilan', 15, 1, 3.13549),
(577, 'creator', 15, 1, 3.13549),
(578, 'seusianya', 15, 1, 3.13549),
(579, 'terhenyut', 15, 1, 3.13549),
(580, 'menyesali', 15, 1, 3.13549),
(581, 'hidupannya', 15, 1, 2.44235),
(582, 'tetapi', 15, 1, 3.13549),
(583, 'tika', 15, 1, 3.13549),
(584, 'membuka', 15, 1, 3.13549),
(585, 'matanya', 15, 1, 3.13549),
(586, 'tersadar', 15, 1, 3.13549),
(587, 'bahwa', 15, 1, 1.7492),
(588, 'telah', 15, 1, 1.34373),
(589, 'melakukan', 15, 1, 1.7492),
(590, 'perjalanan', 15, 1, 2.44235),
(591, '10', 15, 1, 2.44235),
(592, 'waktu', 15, 1, 2.44235),
(593, 'sebelum', 15, 1, 2.44235),
(594, 'masuk', 15, 1, 2.44235),
(595, 'perguruan', 15, 1, 3.13549),
(596, 'tinggi', 15, 1, 2.44235),
(597, '\r\napa', 15, 1, 3.13549),
(598, 'akhirnya', 15, 1, 1.34373),
(599, 'akan', 15, 1, 1.7492),
(600, 'memperbaiki', 15, 1, 3.13549),
(601, 'hidupnya', 15, 1, 3.13549),
(602, 'menjadi', 15, 1, 1.7492),
(603, 'sukses', 15, 1, 3.13549),
(604, 'cerita', 15, 1, 2.44235),
(605, 'tentang', 15, 1, 2.44235),
(606, 'orang', 15, 1, 1.52606),
(607, 'gagal', 15, 1, 3.13549),
(608, 'diber', 15, 1, 3.13549),
(609, 'makoto', 16, 2, 6.27099),
(610, 'menghabiskan', 16, 1, 3.13549),
(611, 'sore', 16, 1, 3.13549),
(612, 'harinya', 16, 1, 3.13549),
(613, 'di', 16, 1, 0.362906),
(614, 'las', 16, 1, 3.13549),
(615, 'bermalas', 16, 1, 3.13549),
(616, 'malasan', 16, 1, 3.13549),
(617, 'belajar', 16, 1, 2.44235),
(618, '…', 16, 1, 1.7492),
(619, 'artinya', 16, 1, 3.13549),
(620, 'asalkan', 16, 1, 3.13549),
(621, 'teman', 16, 1, 1.7492),
(622, 'selasnya', 16, 1, 3.13549),
(623, 'cantik', 16, 1, 2.44235),
(624, 'memikat', 16, 1, 3.13549),
(625, 'sakurai', 16, 1, 3.13549),
(626, 'tidak', 16, 1, 0.737599),
(627, 'ada', 16, 1, 1.52606),
(628, 'apakah', 16, 4, 12.542),
(629, 'mendatanginya', 16, 1, 3.13549),
(630, 'mengatakan', 16, 1, 3.13549),
(631, 'apa', 16, 1, 2.03688),
(632, 'pikir', 16, 1, 3.13549),
(633, 'katakan', 16, 1, 3.13549),
(634, 'diperbolehkan', 16, 1, 3.13549),
(635, 'membaca', 16, 1, 3.13549),
(636, 'tersirat', 16, 1, 3.13549),
(637, 'mari', 16, 1, 3.13549),
(638, 'kita', 16, 1, 3.13549),
(639, 'lihat', 16, 1, 3.13549),
(640, 'mendapatkan', 16, 1, 3.13549),
(641, 'gambaran', 16, 1, 3.13549),
(642, 'besar', 16, 1, 2.44235),
(643, 'lukis', 16, 1, 3.13549),
(644, 'untuknya', 16, 1, 3.13549),
(645, 'mangaka', 17, 1, 3.13549),
(646, 'komik', 17, 1, 3.13549),
(647, 'berjudul', 17, 1, 3.13549),
(648, 'tejina', 17, 1, 3.13549),
(649, 'senpai', 17, 1, 3.13549),
(650, '\r\n\r\nseorang', 17, 1, 3.13549),
(651, 'cowok', 17, 1, 3.13549),
(652, 'sma', 17, 1, 2.44235),
(653, 'selalu', 17, 1, 2.44235),
(654, 'bolos', 17, 1, 3.13549),
(655, 'sangat', 17, 1, 2.44235),
(656, 'membenci', 17, 1, 3.13549),
(657, 'hidupan', 17, 1, 1.34373),
(658, 'nyata', 17, 2, 6.27099),
(659, 'menganggap', 17, 1, 3.13549),
(660, 'semua', 17, 1, 1.52606),
(661, 'hubungan', 17, 1, 3.13549),
(662, 'di', 17, 1, 0.362906),
(663, 'dunia', 17, 1, 1.34373),
(664, 'sampah', 17, 1, 3.13549),
(665, 'lebih', 17, 1, 2.44235),
(666, 'memilih', 17, 1, 3.13549),
(667, 'internet', 17, 1, 3.13549),
(668, 'sebagai', 17, 1, 1.34373),
(669, 'temannya', 17, 1, 3.13549),
(670, 'tapi', 17, 1, 1.7492),
(671, 'suatu', 17, 1, 1.7492),
(672, 'hari', 17, 1, 1.34373),
(673, 'tiba', 17, 2, 4.07376),
(674, 'ada', 17, 1, 1.52606),
(675, 'seorang', 17, 1, 0.650588),
(676, 'gadis', 17, 1, 1.34373),
(677, 'masuk', 17, 1, 2.44235),
(678, 'kamarnya', 17, 1, 3.13549),
(679, 'santai', 17, 1, 3.13549),
(680, 'lalu', 17, 1, 2.44235),
(681, 'apa', 17, 2, 4.07376),
(682, 'sebenarnya', 17, 1, 3.13549),
(683, 'terjadi', 17, 1, 2.44235),
(684, 'mereka', 17, 1, 1.18958),
(685, 'akan', 17, 1, 1.7492),
(686, 'lakukan', 17, 1, 3.13549),
(687, 'menonton', 18, 1, 3.13549),
(688, 'berita', 18, 1, 3.13549),
(689, 'tamichi', 18, 1, 3.13549),
(690, 'hanagaki', 18, 1, 3.13549),
(691, 'mengetahui', 18, 1, 2.44235),
(692, 'bahwa', 18, 1, 1.7492),
(693, 'pacarnya', 18, 1, 3.13549),
(694, 'sekolah', 18, 1, 2.03688),
(695, 'menengah', 18, 1, 2.44235),
(696, 'hinata', 18, 1, 2.44235),
(697, 'tachibana', 18, 1, 3.13549),
(698, 'telah', 18, 1, 1.34373),
(699, 'meninggal', 18, 1, 2.03688),
(700, 'satu', 18, 1, 2.03688),
(701, 'satunya', 18, 1, 2.44235),
(702, 'pacar', 18, 1, 3.13549),
(703, 'pernah', 18, 1, 3.13549),
(704, 'dimilikinya', 18, 1, 3.13549),
(705, 'baru', 18, 1, 1.52606),
(706, 'saja', 18, 1, 2.44235),
(707, 'dibunuh', 18, 1, 2.44235),
(708, 'oleh', 18, 1, 0.93827),
(709, 'lompok', 18, 1, 3.13549),
(710, 'jahat', 18, 1, 2.44235),
(711, 'dinal', 18, 1, 3.13549),
(712, 'sebagai', 18, 1, 1.34373),
(713, 'tokyo', 18, 1, 3.13549),
(714, 'manji', 18, 1, 3.13549),
(715, 'gang', 18, 1, 3.13549),
(716, 'tinggal', 18, 1, 1.7492),
(717, 'di', 18, 2, 0.725811),
(718, 'apartemen', 18, 1, 2.03688),
(719, 'jelek', 18, 1, 3.13549),
(720, 'dinding', 18, 1, 3.13549),
(721, 'tipis', 18, 1, 3.13549),
(722, 'bosnya', 18, 1, 3.13549),
(723, 'berusia', 18, 1, 1.34373),
(724, 'enam', 18, 1, 3.13549),
(725, 'tahun', 18, 1, 1.05605),
(726, 'lebih', 18, 1, 2.44235),
(727, 'muda', 18, 1, 2.03688),
(728, 'memperlakukannya', 18, 1, 3.13549),
(729, 'seperti', 18, 1, 2.44235),
(730, 'orang', 18, 1, 1.52606),
(731, 'idiot', 18, 1, 3.13549),
(732, 'ditambah', 18, 1, 3.13549),
(733, 'lagi', 18, 1, 2.44235),
(734, 'seorang', 18, 1, 0.650588),
(735, 'perjaka', 18, 1, 3.13549),
(736, 'akut', 18, 1, 3.13549),
(737, '…', 18, 1, 1.7492),
(738, 'puncak', 18, 1, 3.13549),
(739, 'hidupannya', 18, 1, 2.44235),
(740, 'paling', 18, 1, 3.13549),
(741, 'bawah', 18, 1, 3.13549),
(742, 'tiba', 18, 2, 4.07376),
(743, 'melompati', 18, 1, 3.13549),
(744, 'waktu', 18, 1, 2.44235),
(745, 'dua', 18, 1, 1.7492),
(746, 'belas', 18, 1, 3.13549),
(747, 'satou', 19, 1, 3.13549),
(748, 'koharu', 19, 1, 3.13549),
(749, 'gadis', 19, 1, 1.34373),
(750, 'cantik', 19, 1, 2.44235),
(751, 'bisa', 19, 2, 3.05211),
(752, 'dinali', 19, 1, 3.13549),
(753, 'semua', 19, 2, 3.05211),
(754, 'orang', 19, 2, 3.05211),
(755, 'tapi', 19, 2, 3.4984),
(756, 'sikapnya', 19, 1, 3.13549),
(757, 'siapa', 19, 2, 4.88469),
(758, 'pun', 19, 2, 4.07376),
(759, 'beg', 19, 1, 3.13549),
(760, 'pahit', 19, 1, 3.13549),
(761, 'sehingga', 19, 1, 3.13549),
(762, 'dijuluki', 19, 1, 3.13549),
(763, '“dewa', 19, 1, 3.13549),
(764, 'garam', 19, 2, 6.27099),
(765, 'sato', 19, 3, 9.40648),
(766, 'san', 19, 3, 6.11065),
(767, '”', 19, 2, 4.88469),
(768, 'mencoba', 19, 1, 3.13549),
(769, 'mendekatinya', 19, 1, 3.13549),
(770, 'terluka', 19, 1, 3.13549),
(771, 'secara', 19, 1, 2.03688),
(772, 'emosional', 19, 1, 3.13549),
(773, 'cara', 19, 1, 2.44235),
(774, 'brutal', 19, 1, 3.13549),
(775, 'meski', 19, 1, 3.13549),
(776, 'untuk', 19, 1, 0.737599),
(777, 'beberapa', 19, 2, 4.88469),
(778, 'alasan', 19, 1, 2.44235),
(779, 'aku', 19, 2, 4.88469),
(780, 'menyelamatkan', 19, 1, 3.13549),
(781, 'pick', 19, 1, 3.13549),
(782, 'up', 19, 1, 3.13549),
(783, 'boy', 19, 1, 3.13549),
(784, 'tempat', 19, 1, 3.13549),
(785, 'saya', 19, 1, 2.03688),
(786, 'berja', 19, 1, 2.44235),
(787, 'membuatnya', 19, 1, 3.13549),
(788, 'menyukaiku', 19, 1, 3.13549),
(789, 'demikian', 19, 1, 3.13549),
(790, 'menjadi', 19, 1, 1.7492),
(791, 'teman', 19, 1, 1.7492),
(792, '“salt', 19, 1, 3.13549),
(793, 'god', 19, 1, 3.13549),
(794, 'di', 19, 2, 0.725811),
(795, 'depan', 19, 1, 3.13549),
(796, 'dewa', 19, 1, 3.13549),
(797, 'depanku', 19, 1, 3.13549),
(798, 'namaku', 20, 1, 3.13549),
(799, 'torii', 20, 1, 3.13549),
(800, 'nozomu', 20, 1, 3.13549),
(801, 'seorang', 20, 3, 1.95176),
(802, 'polos', 20, 1, 3.13549),
(803, 'tidak', 20, 1, 0.737599),
(804, 'menarik', 20, 1, 3.13549),
(805, 'introvert', 20, 1, 3.13549),
(806, 'mun', 20, 1, 3.13549),
(807, 'murid', 20, 1, 3.13549),
(808, 'pindahan', 20, 1, 3.13549),
(809, 'baru', 20, 1, 1.52606),
(810, 'kirishima', 20, 1, 3.13549),
(811, 'kyoko', 20, 1, 3.13549),
(812, 'datang', 20, 1, 2.44235),
(813, 'untuk', 20, 2, 1.4752),
(814, 'duduk', 20, 1, 3.13549),
(815, 'di', 20, 1, 0.362906),
(816, 'sebelahku', 20, 1, 3.13549),
(817, 'lucu', 20, 1, 3.13549),
(818, 'baik', 20, 1, 2.03688),
(819, 'hati', 20, 1, 3.13549),
(820, 'beberapa', 20, 2, 4.88469),
(821, 'alasan', 20, 1, 2.44235),
(822, 'secara', 20, 1, 2.03688),
(823, 'proaktif', 20, 1, 3.13549),
(824, 'berbicara', 20, 1, 3.13549),
(825, 'ku', 20, 1, 2.44235),
(826, 'meskipun', 20, 1, 2.03688),
(827, 'saya', 20, 1, 2.03688),
(828, 'kutu', 20, 1, 3.13549),
(829, 'buku', 20, 1, 3.13549),
(830, 'orang', 20, 1, 1.52606),
(831, 'suci', 20, 1, 3.13549),
(832, 'sejati', 20, 1, 3.13549),
(833, '\r\n…', 20, 1, 3.13549),
(834, 'tapi', 20, 1, 1.7492),
(835, 'aku', 20, 1, 2.44235),
(836, 'ingin', 20, 1, 2.44235),
(837, 'terlibat', 20, 1, 3.13549),
(838, 'nya', 20, 1, 3.13549),
(839, 'sesedikit', 20, 1, 3.13549),
(840, 'mungkin', 20, 1, 3.13549),
(841, 'karena', 20, 1, 1.7492),
(842, 'dihantui', 20, 1, 3.13549),
(843, 'oleh', 20, 1, 0.93827),
(844, '“hantu”', 20, 1, 3.13549),
(845, 'hanya', 20, 1, 2.44235),
(846, 'bisa', 20, 1, 1.52606),
(847, 'kulihat', 20, 1, 3.13549),
(848, '–', 20, 1, 3.13549),
(849, 'sedikit', 20, 1, 3.13549),
(850, 'nakal', 20, 1, 3.13549),
(851, 'sangat', 20, 1, 2.44235),
(852, 'murni', 20, 1, 3.13549),
(853, 'dalam', 20, 1, 1.18958),
(854, 'kasus', 20, 1, 3.13549),
(855, 'mengerikan', 20, 1, 2.44235),
(856, '\r\nsebuah', 20, 1, 3.13549),
(857, 'komedi', 20, 1, 1.7492),
(858, 'ro', 20, 1, 3.13549),
(859, 'dua', 21, 1, 1.7492),
(860, 'perempuan', 21, 1, 2.44235),
(861, 'ichinose', 21, 1, 3.13549),
(862, 'haruko', 21, 1, 3.13549),
(863, 'nikaido', 21, 1, 3.13549),
(864, 'natsuko', 21, 1, 3.13549),
(865, 'menabrak', 21, 1, 3.13549),
(866, 'satu', 21, 2, 4.07376),
(867, 'sama', 21, 1, 3.13549),
(868, 'lain', 21, 1, 2.44235),
(869, 'secara', 21, 1, 2.03688),
(870, 'tidak', 21, 1, 0.737599),
(871, 'sengaja', 21, 1, 3.13549),
(872, 'membuat', 21, 1, 2.44235),
(873, 'mereka', 21, 1, 1.18958),
(874, 'berciuman', 21, 1, 3.13549),
(875, 'bertukar', 21, 1, 3.13549),
(876, 'tubuh', 21, 1, 2.44235),
(877, 'satunya', 21, 1, 2.44235),
(878, 'cara', 21, 1, 2.44235),
(879, 'untuk', 21, 1, 0.737599),
(880, 'mbali', 21, 1, 1.7492),
(881, 'ciuman', 21, 1, 3.13549),
(882, 'lagi…', 21, 1, 3.13549),
(883, 'anne', 22, 1, 3.13549),
(884, 'sophia', 22, 1, 3.13549),
(885, 'putri', 22, 1, 2.44235),
(886, 'mengenang', 22, 1, 3.13549),
(887, 'hidupan', 22, 1, 1.34373),
(888, 'sebelumnya', 22, 1, 2.44235),
(889, 'di', 22, 3, 1.08872),
(890, 'usia', 22, 1, 3.13549),
(891, 'muda', 22, 1, 2.03688),
(892, 'serta', 22, 1, 3.13549),
(893, 'cintaannya', 22, 1, 3.13549),
(894, 'intens', 22, 1, 3.13549),
(895, 'sihir', 22, 1, 1.52606),
(896, 'memulai', 22, 1, 3.13549),
(897, 'hidup', 22, 1, 1.52606),
(898, 'barunya', 22, 1, 2.44235),
(899, 'untuk', 22, 1, 0.737599),
(900, 'mewujudkan', 22, 1, 3.13549),
(901, 'fantasinya', 22, 1, 3.13549),
(902, 'dunia', 22, 1, 1.34373),
(903, 'fantasi', 22, 1, 2.44235),
(904, 'suatu', 22, 1, 1.7492),
(905, 'hari', 22, 1, 1.34373),
(906, 'disebuah', 22, 1, 3.13549),
(907, 'jan', 22, 1, 3.13549),
(908, 'tidak', 22, 2, 1.4752),
(909, 'terduga', 22, 1, 3.13549),
(910, 'mengingat', 22, 1, 3.13549),
(911, 'adegan', 22, 1, 3.13549),
(912, 'mana', 22, 1, 2.03688),
(913, 'kakaknya', 22, 1, 2.03688),
(914, 'algard', 22, 1, 3.13549),
(915, 'memutuskan', 22, 1, 2.44235),
(916, 'pertunangannya', 22, 1, 3.13549),
(917, 'tunangannya', 22, 1, 3.13549),
(918, 'euphilia', 22, 1, 3.13549),
(919, 'apa', 22, 1, 2.03688),
(920, 'dapat', 22, 1, 3.13549),
(921, 'diramalkan', 22, 1, 3.13549),
(922, 'oleh', 22, 1, 0.93827),
(923, 'siapa', 22, 1, 2.44235),
(924, 'pun', 22, 1, 2.03688),
(925, 'bahwa', 22, 1, 1.7492),
(926, 'temu', 22, 1, 3.13549),
(927, 'aneh', 22, 1, 3.13549),
(928, 'akhirnya', 22, 1, 1.34373),
(929, 'akan', 22, 1, 1.7492),
(930, 'mengubah', 22, 1, 3.13549),
(931, 'jalannya', 22, 1, 3.13549),
(932, 'sejarah', 22, 1, 3.13549),
(933, 'kobayashi', 24, 2, 4.88469),
(934, 'tinggal', 24, 3, 5.2476),
(935, 'sendirian', 24, 1, 2.44235),
(936, 'di', 24, 1, 0.362906),
(937, 'sebuah', 24, 1, 1.05605),
(938, 'apartemen', 24, 1, 2.03688),
(939, 'hingga', 24, 1, 2.44235),
(940, 'suatu', 24, 1, 1.7492),
(941, 'hari', 24, 2, 2.68747),
(942, 'tooru', 24, 2, 4.88469),
(943, 'muncul', 24, 1, 2.44235),
(944, 'mereka', 24, 1, 1.18958),
(945, 'akhirnya', 24, 1, 1.34373),
(946, 'bersama', 24, 2, 3.4984),
(947, 'memang', 24, 1, 2.44235),
(948, 'rendah', 24, 1, 2.44235),
(949, 'manusia', 24, 1, 1.52606),
(950, 'sebagai', 24, 1, 1.34373),
(951, 'makhluk', 24, 1, 2.44235),
(952, 'rendahan', 24, 1, 2.44235),
(953, 'pecung', 24, 1, 2.44235),
(954, 'namun', 24, 1, 1.7492),
(955, 'setelah', 24, 1, 1.7492),
(956, 'diselamatkan', 24, 1, 2.44235),
(957, 'oleh', 24, 1, 0.93827),
(958, 'san', 24, 1, 2.03688),
(959, 'ia', 24, 1, 1.52606),
(960, 'melakukan', 24, 1, 1.7492),
(961, 'semua', 24, 1, 1.52606),
(962, 'bisa', 24, 1, 1.52606),
(963, 'untuk', 24, 1, 0.737599),
(964, 'membayar', 24, 1, 2.44235),
(965, 'hutang', 24, 1, 2.44235),
(966, 'membantunya', 24, 1, 2.44235),
(967, 'berbagai', 24, 1, 2.44235),
(968, 'hal', 24, 1, 1.7492),
(969, 'meskipun', 24, 1, 2.03688),
(970, 'tidak', 24, 1, 0.737599),
(971, 'semuanya', 24, 1, 2.44235),
(972, 'berjalan', 24, 1, 2.44235),
(973, 'lancar', 24, 1, 2.44235),
(974, '\r\nmanga', 24, 1, 2.44235),
(975, 'komedi', 24, 1, 1.7492),
(976, 'hidupan', 24, 1, 1.34373),
(977, 'sehari', 24, 1, 2.44235),
(978, 'nan', 24, 1, 2.44235),
(979, 'mistis', 24, 1, 2.44235),
(980, 'mengisahkan', 24, 1, 2.44235),
(981, 'wanita', 24, 1, 1.7492),
(982, 'kantoran', 24, 1, 2.03688),
(983, 'perja', 24, 1, 2.03688),
(984, 'ras', 24, 1, 2.44235),
(985, 'gadis', 24, 1, 1.34373),
(986, 'maid', 24, 1, 2.03688),
(987, 'doragon', 24, 1, 3.13549);

-- --------------------------------------------------------

--
-- Table structure for table `tbstem`
--

CREATE TABLE `tbstem` (
  `Id` int(11) NOT NULL,
  `Term` varchar(30) NOT NULL,
  `Stem` varchar(30) NOT NULL
) ENGINE=MyISAM DEFAULT CHARSET=latin1;

--
-- Dumping data for table `tbstem`
--

INSERT INTO `tbstem` (`Id`, `Term`, `Stem`) VALUES
(1, 'pertemuan', 'temu'),
(2, 'bertemu', 'temu'),
(3, 'cr9', 'cristiano ronaldo'),
(4, 'kepindahan', 'pindah'),
(5, 'menembus', 'tembus'),
(6, 'menyusut', 'susut');

-- --------------------------------------------------------

--
-- Table structure for table `tbvektor`
--

CREATE TABLE `tbvektor` (
  `DocId` int(11) NOT NULL,
  `Panjang` float NOT NULL
) ENGINE=MyISAM DEFAULT CHARSET=latin1;

--
-- Dumping data for table `tbvektor`
--

INSERT INTO `tbvektor` (`DocId`, `Panjang`) VALUES
(1, 12.5139),
(2, 22.6048),
(3, 12.6558),
(4, 24.7584),
(5, 21.9644),
(6, 23.034),
(7, 17.4144),
(8, 17.8165),
(9, 24.2125),
(10, 19.9245),
(11, 20.1469),
(12, 14.6966),
(13, 16.5323),
(14, 17.642),
(15, 19.4422),
(16, 21.7618),
(17, 18.0527),
(18, 20.4765),
(19, 25.1754),
(20, 21.6154),
(21, 13.1644),
(22, 18.3846),
(24, 17.4144);

--
-- Indexes for dumped tables
--

--
-- Indexes for table `tbberita`
--
ALTER TABLE `tbberita`
  ADD PRIMARY KEY (`Id`);

--
-- Indexes for table `tbcache`
--
ALTER TABLE `tbcache`
  ADD PRIMARY KEY (`Id`);

--
-- Indexes for table `tbindex`
--
ALTER TABLE `tbindex`
  ADD PRIMARY KEY (`Id`);

--
-- Indexes for table `tbstem`
--
ALTER TABLE `tbstem`
  ADD PRIMARY KEY (`Id`);

--
-- Indexes for table `tbvektor`
--
ALTER TABLE `tbvektor`
  ADD PRIMARY KEY (`DocId`);

--
-- AUTO_INCREMENT for dumped tables
--

--
-- AUTO_INCREMENT for table `tbberita`
--
ALTER TABLE `tbberita`
  MODIFY `Id` int(11) NOT NULL AUTO_INCREMENT, AUTO_INCREMENT=25;

--
-- AUTO_INCREMENT for table `tbcache`
--
ALTER TABLE `tbcache`
  MODIFY `Id` int(11) NOT NULL AUTO_INCREMENT;

--
-- AUTO_INCREMENT for table `tbindex`
--
ALTER TABLE `tbindex`
  MODIFY `Id` int(11) NOT NULL AUTO_INCREMENT, AUTO_INCREMENT=988;

--
-- AUTO_INCREMENT for table `tbstem`
--
ALTER TABLE `tbstem`
  MODIFY `Id` int(11) NOT NULL AUTO_INCREMENT, AUTO_INCREMENT=8;
COMMIT;

/*!40101 SET CHARACTER_SET_CLIENT=@OLD_CHARACTER_SET_CLIENT */;
/*!40101 SET CHARACTER_SET_RESULTS=@OLD_CHARACTER_SET_RESULTS */;
/*!40101 SET COLLATION_CONNECTION=@OLD_COLLATION_CONNECTION */;
